mean_test_score,std_test_score,mean_train_score,std_train_score,rank_test_score,params
0.6235934469696934,0.007394139147119181,0.9998053338435892,0.0001230937267442561,1,"{'clf__C': 1, 'tfidf__max_df': 0.95, 'tfidf__max_features': 50000, 'tfidf__min_df': 1, 'tfidf__ngram_range': (1, 2)}"
0.6235934469696934,0.007394139147119181,0.9998053338435892,0.0001230937267442561,1,"{'clf__C': 1, 'tfidf__max_df': 0.9, 'tfidf__max_features': 50000, 'tfidf__min_df': 1, 'tfidf__ngram_range': (1, 2)}"
0.6235934469696934,0.007394139147119181,0.9998053338435892,0.0001230937267442561,1,"{'clf__C': 1, 'tfidf__max_df': 1.0, 'tfidf__max_features': 50000, 'tfidf__min_df': 1, 'tfidf__ngram_range': (1, 2)}"
0.6189586452047158,0.007261585225228833,0.9998832003114659,9.536654634155898e-05,4,"{'clf__C': 3, 'tfidf__max_df': 0.9, 'tfidf__max_features': 50000, 'tfidf__min_df': 1, 'tfidf__ngram_range': (1, 2)}"
0.6189586452047158,0.007261585225228833,0.9998832003114659,9.536654634155898e-05,4,"{'clf__C': 3, 'tfidf__max_df': 1.0, 'tfidf__max_features': 50000, 'tfidf__min_df': 1, 'tfidf__ngram_range': (1, 2)}"
0.6189586452047158,0.007261585225228833,0.9998832003114659,9.536654634155898e-05,4,"{'clf__C': 3, 'tfidf__max_df': 0.95, 'tfidf__max_features': 50000, 'tfidf__min_df': 1, 'tfidf__ngram_range': (1, 2)}"
0.6164515411262305,0.007073985148586418,0.9998832003114659,9.536654634155898e-05,7,"{'clf__C': 10, 'tfidf__max_df': 0.95, 'tfidf__max_features': 50000, 'tfidf__min_df': 1, 'tfidf__ngram_range': (1, 2)}"
0.6164515411262305,0.007073985148586418,0.9998832003114659,9.536654634155898e-05,7,"{'clf__C': 10, 'tfidf__max_df': 0.9, 'tfidf__max_features': 50000, 'tfidf__min_df': 1, 'tfidf__ngram_range': (1, 2)}"
0.6164515411262305,0.007073985148586418,0.9998832003114659,9.536654634155898e-05,7,"{'clf__C': 10, 'tfidf__max_df': 1.0, 'tfidf__max_features': 50000, 'tfidf__min_df': 1, 'tfidf__ngram_range': (1, 2)}"
0.6113701843873873,0.006467504647647985,0.9943988783174149,0.00048504863294472806,10,"{'clf__C': 1, 'tfidf__max_df': 0.95, 'tfidf__max_features': 50000, 'tfidf__min_df': 1, 'tfidf__ngram_range': (1, 1)}"
0.6113701843873873,0.006467504647647985,0.9943988783174149,0.00048504863294472806,10,"{'clf__C': 1, 'tfidf__max_df': 0.9, 'tfidf__max_features': 20000, 'tfidf__min_df': 1, 'tfidf__ngram_range': (1, 1)}"
0.6113701843873873,0.006467504647647985,0.9943988783174149,0.00048504863294472806,10,"{'clf__C': 1, 'tfidf__max_df': 1.0, 'tfidf__max_features': 50000, 'tfidf__min_df': 1, 'tfidf__ngram_range': (1, 1)}"
0.6113701843873873,0.006467504647647985,0.9943988783174149,0.00048504863294472806,10,"{'clf__C': 1, 'tfidf__max_df': 1.0, 'tfidf__max_features': 20000, 'tfidf__min_df': 1, 'tfidf__ngram_range': (1, 1)}"
0.6113701843873873,0.006467504647647985,0.9943988783174149,0.00048504863294472806,10,"{'clf__C': 1, 'tfidf__max_df': 0.9, 'tfidf__max_features': 50000, 'tfidf__min_df': 1, 'tfidf__ngram_range': (1, 1)}"
0.6113701843873873,0.006467504647647985,0.9943988783174149,0.00048504863294472806,10,"{'clf__C': 1, 'tfidf__max_df': 0.95, 'tfidf__max_features': 20000, 'tfidf__min_df': 1, 'tfidf__ngram_range': (1, 1)}"
0.6079110963955328,0.004999629214108024,0.9989877207508412,0.00014550916041484684,16,"{'clf__C': 1, 'tfidf__max_df': 1.0, 'tfidf__max_features': 20000, 'tfidf__min_df': 1, 'tfidf__ngram_range': (1, 2)}"
0.6079110963955328,0.004999629214108024,0.9989877207508412,0.00014550916041484684,16,"{'clf__C': 1, 'tfidf__max_df': 0.95, 'tfidf__max_features': 20000, 'tfidf__min_df': 1, 'tfidf__ngram_range': (1, 2)}"
0.6079110963955328,0.004999629214108024,0.9989877207508412,0.00014550916041484684,16,"{'clf__C': 1, 'tfidf__max_df': 0.9, 'tfidf__max_features': 20000, 'tfidf__min_df': 1, 'tfidf__ngram_range': (1, 2)}"
0.6071670689824085,0.006910313514982934,0.9998442670819545,7.786645902276846e-05,19,"{'clf__C': 3, 'tfidf__max_df': 0.9, 'tfidf__max_features': 20000, 'tfidf__min_df': 1, 'tfidf__ngram_range': (1, 2)}"
0.6071670689824085,0.006910313514982934,0.9998442670819545,7.786645902276846e-05,19,"{'clf__C': 3, 'tfidf__max_df': 0.95, 'tfidf__max_features': 20000, 'tfidf__min_df': 1, 'tfidf__ngram_range': (1, 2)}"
0.6071670689824085,0.006910313514982934,0.9998442670819545,7.786645902276846e-05,19,"{'clf__C': 3, 'tfidf__max_df': 1.0, 'tfidf__max_features': 20000, 'tfidf__min_df': 1, 'tfidf__ngram_range': (1, 2)}"
0.6051446129718234,0.006208636861821963,0.9998832003114659,9.536654634155898e-05,22,"{'clf__C': 10, 'tfidf__max_df': 0.9, 'tfidf__max_features': 20000, 'tfidf__min_df': 1, 'tfidf__ngram_range': (1, 2)}"
0.6051446129718234,0.006208636861821963,0.9998832003114659,9.536654634155898e-05,22,"{'clf__C': 10, 'tfidf__max_df': 1.0, 'tfidf__max_features': 20000, 'tfidf__min_df': 1, 'tfidf__ngram_range': (1, 2)}"
0.6051446129718234,0.006208636861821963,0.9998832003114659,9.536654634155898e-05,22,"{'clf__C': 10, 'tfidf__max_df': 0.95, 'tfidf__max_features': 20000, 'tfidf__min_df': 1, 'tfidf__ngram_range': (1, 2)}"
0.6048861633146365,0.013013239276784907,0.9786222323628622,0.0009099262265117997,25,"{'clf__C': 1, 'tfidf__max_df': 0.9, 'tfidf__max_features': 50000, 'tfidf__min_df': 2, 'tfidf__ngram_range': (1, 1)}"
0.6048861633146365,0.013013239276784907,0.9786222323628622,0.0009099262265117997,25,"{'clf__C': 1, 'tfidf__max_df': 0.95, 'tfidf__max_features': 50000, 'tfidf__min_df': 2, 'tfidf__ngram_range': (1, 1)}"
0.6048861633146365,0.013013239276784907,0.9786222323628622,0.0009099262265117997,25,"{'clf__C': 1, 'tfidf__max_df': 0.9, 'tfidf__max_features': 20000, 'tfidf__min_df': 2, 'tfidf__ngram_range': (1, 1)}"
0.6048861633146365,0.013013239276784907,0.9786222323628622,0.0009099262265117997,25,"{'clf__C': 1, 'tfidf__max_df': 1.0, 'tfidf__max_features': 20000, 'tfidf__min_df': 2, 'tfidf__ngram_range': (1, 1)}"
0.6048861633146365,0.013013239276784907,0.9786222323628622,0.0009099262265117997,25,"{'clf__C': 1, 'tfidf__max_df': 0.95, 'tfidf__max_features': 20000, 'tfidf__min_df': 2, 'tfidf__ngram_range': (1, 1)}"
0.6048861633146365,0.013013239276784907,0.9786222323628622,0.0009099262265117997,25,"{'clf__C': 1, 'tfidf__max_df': 1.0, 'tfidf__max_features': 50000, 'tfidf__min_df': 2, 'tfidf__ngram_range': (1, 1)}"
0.6035279477419968,0.010570565874157329,0.9998832003114659,9.536654634155898e-05,31,"{'clf__C': 3, 'tfidf__max_df': 0.9, 'tfidf__max_features': 50000, 'tfidf__min_df': 1, 'tfidf__ngram_range': (1, 1)}"
0.6035279477419968,0.010570565874157329,0.9998832003114659,9.536654634155898e-05,31,"{'clf__C': 3, 'tfidf__max_df': 0.95, 'tfidf__max_features': 20000, 'tfidf__min_df': 1, 'tfidf__ngram_range': (1, 1)}"
0.6035279477419968,0.010570565874157329,0.9998832003114659,9.536654634155898e-05,31,"{'clf__C': 3, 'tfidf__max_df': 1.0, 'tfidf__max_features': 20000, 'tfidf__min_df': 1, 'tfidf__ngram_range': (1, 1)}"
0.6035279477419968,0.010570565874157329,0.9998832003114659,9.536654634155898e-05,31,"{'clf__C': 3, 'tfidf__max_df': 0.9, 'tfidf__max_features': 20000, 'tfidf__min_df': 1, 'tfidf__ngram_range': (1, 1)}"
0.6035279477419968,0.010570565874157329,0.9998832003114659,9.536654634155898e-05,31,"{'clf__C': 3, 'tfidf__max_df': 0.95, 'tfidf__max_features': 50000, 'tfidf__min_df': 1, 'tfidf__ngram_range': (1, 1)}"
0.6035279477419968,0.010570565874157329,0.9998832003114659,9.536654634155898e-05,31,"{'clf__C': 3, 'tfidf__max_df': 1.0, 'tfidf__max_features': 50000, 'tfidf__min_df': 1, 'tfidf__ngram_range': (1, 1)}"
0.6017434030446216,0.007540272098506878,0.9940433552454004,0.0003795294855437139,37,"{'clf__C': 1, 'tfidf__max_df': 1.0, 'tfidf__max_features': 50000, 'tfidf__min_df': 2, 'tfidf__ngram_range': (1, 2)}"
0.6017434030446216,0.007540272098506878,0.9940433552454004,0.0003795294855437139,37,"{'clf__C': 1, 'tfidf__max_df': 0.95, 'tfidf__max_features': 20000, 'tfidf__min_df': 2, 'tfidf__ngram_range': (1, 2)}"
0.6017434030446216,0.007540272098506878,0.9940433552454004,0.0003795294855437139,37,"{'clf__C': 1, 'tfidf__max_df': 1.0, 'tfidf__max_features': 20000, 'tfidf__min_df': 2, 'tfidf__ngram_range': (1, 2)}"
0.6017434030446216,0.007540272098506878,0.9940433552454004,0.0003795294855437139,37,"{'clf__C': 1, 'tfidf__max_df': 0.9, 'tfidf__max_features': 20000, 'tfidf__min_df': 2, 'tfidf__ngram_range': (1, 2)}"
0.6017434030446216,0.007540272098506878,0.9940433552454004,0.0003795294855437139,37,"{'clf__C': 1, 'tfidf__max_df': 0.95, 'tfidf__max_features': 50000, 'tfidf__min_df': 2, 'tfidf__ngram_range': (1, 2)}"
0.6017434030446216,0.007540272098506878,0.9940433552454004,0.0003795294855437139,37,"{'clf__C': 1, 'tfidf__max_df': 0.9, 'tfidf__max_features': 50000, 'tfidf__min_df': 2, 'tfidf__ngram_range': (1, 2)}"
0.5982459502971949,0.012419365539044972,0.8997972746575627,0.0033949167379094107,43,"{'clf__C': 1, 'tfidf__max_df': 0.9, 'tfidf__max_features': 50000, 'tfidf__min_df': 5, 'tfidf__ngram_range': (1, 1)}"
0.5982459502971949,0.012419365539044972,0.8997972746575627,0.0033949167379094107,43,"{'clf__C': 1, 'tfidf__max_df': 0.9, 'tfidf__max_features': 20000, 'tfidf__min_df': 5, 'tfidf__ngram_range': (1, 1)}"
0.5982459502971949,0.012419365539044972,0.8997972746575627,0.0033949167379094107,43,"{'clf__C': 1, 'tfidf__max_df': 0.95, 'tfidf__max_features': 20000, 'tfidf__min_df': 5, 'tfidf__ngram_range': (1, 1)}"
0.5982459502971949,0.012419365539044972,0.8997972746575627,0.0033949167379094107,43,"{'clf__C': 1, 'tfidf__max_df': 0.95, 'tfidf__max_features': 50000, 'tfidf__min_df': 5, 'tfidf__ngram_range': (1, 1)}"
0.5982459502971949,0.012419365539044972,0.8997972746575627,0.0033949167379094107,43,"{'clf__C': 1, 'tfidf__max_df': 1.0, 'tfidf__max_features': 50000, 'tfidf__min_df': 5, 'tfidf__ngram_range': (1, 1)}"
0.5982459502971949,0.012419365539044972,0.8997972746575627,0.0033949167379094107,43,"{'clf__C': 1, 'tfidf__max_df': 1.0, 'tfidf__max_features': 20000, 'tfidf__min_df': 5, 'tfidf__ngram_range': (1, 1)}"
0.5960642686621901,0.007351742476606059,0.9981706672530617,0.0003997037999316891,49,"{'clf__C': 3, 'tfidf__max_df': 0.9, 'tfidf__max_features': 50000, 'tfidf__min_df': 2, 'tfidf__ngram_range': (1, 1)}"
0.5960642686621901,0.007351742476606059,0.9981706672530617,0.0003997037999316891,49,"{'clf__C': 3, 'tfidf__max_df': 0.9, 'tfidf__max_features': 20000, 'tfidf__min_df': 2, 'tfidf__ngram_range': (1, 1)}"
0.5960642686621901,0.007351742476606059,0.9981706672530617,0.0003997037999316891,49,"{'clf__C': 3, 'tfidf__max_df': 0.95, 'tfidf__max_features': 50000, 'tfidf__min_df': 2, 'tfidf__ngram_range': (1, 1)}"
0.5960642686621901,0.007351742476606059,0.9981706672530617,0.0003997037999316891,49,"{'clf__C': 3, 'tfidf__max_df': 0.95, 'tfidf__max_features': 20000, 'tfidf__min_df': 2, 'tfidf__ngram_range': (1, 1)}"
0.5960642686621901,0.007351742476606059,0.9981706672530617,0.0003997037999316891,49,"{'clf__C': 3, 'tfidf__max_df': 1.0, 'tfidf__max_features': 50000, 'tfidf__min_df': 2, 'tfidf__ngram_range': (1, 1)}"
0.5960642686621901,0.007351742476606059,0.9981706672530617,0.0003997037999316891,49,"{'clf__C': 3, 'tfidf__max_df': 1.0, 'tfidf__max_features': 20000, 'tfidf__min_df': 2, 'tfidf__ngram_range': (1, 1)}"
0.5958373220137021,0.01609075213045497,0.9998442670819545,7.786645902276846e-05,55,"{'clf__C': 3, 'tfidf__max_df': 0.9, 'tfidf__max_features': 50000, 'tfidf__min_df': 2, 'tfidf__ngram_range': (1, 2)}"
0.5958373220137021,0.01609075213045497,0.9998442670819545,7.786645902276846e-05,55,"{'clf__C': 3, 'tfidf__max_df': 0.95, 'tfidf__max_features': 20000, 'tfidf__min_df': 2, 'tfidf__ngram_range': (1, 2)}"
0.5958373220137021,0.01609075213045497,0.9998442670819545,7.786645902276846e-05,55,"{'clf__C': 3, 'tfidf__max_df': 1.0, 'tfidf__max_features': 20000, 'tfidf__min_df': 2, 'tfidf__ngram_range': (1, 2)}"
0.5958373220137021,0.01609075213045497,0.9998442670819545,7.786645902276846e-05,55,"{'clf__C': 3, 'tfidf__max_df': 1.0, 'tfidf__max_features': 50000, 'tfidf__min_df': 2, 'tfidf__ngram_range': (1, 2)}"
0.5958373220137021,0.01609075213045497,0.9998442670819545,7.786645902276846e-05,55,"{'clf__C': 3, 'tfidf__max_df': 0.95, 'tfidf__max_features': 50000, 'tfidf__min_df': 2, 'tfidf__ngram_range': (1, 2)}"
0.5958373220137021,0.01609075213045497,0.9998442670819545,7.786645902276846e-05,55,"{'clf__C': 3, 'tfidf__max_df': 0.9, 'tfidf__max_features': 20000, 'tfidf__min_df': 2, 'tfidf__ngram_range': (1, 2)}"
0.594410115566265,0.01436275414270017,0.7947065387370682,0.003311397015390497,61,"{'clf__C': 0.1, 'tfidf__max_df': 1.0, 'tfidf__max_features': 20000, 'tfidf__min_df': 5, 'tfidf__ngram_range': (1, 2)}"
0.594410115566265,0.01436275414270017,0.7947065387370682,0.003311397015390497,61,"{'clf__C': 0.1, 'tfidf__max_df': 1.0, 'tfidf__max_features': 50000, 'tfidf__min_df': 5, 'tfidf__ngram_range': (1, 2)}"
0.594410115566265,0.01436275414270017,0.7947065387370682,0.003311397015390497,61,"{'clf__C': 0.1, 'tfidf__max_df': 0.9, 'tfidf__max_features': 20000, 'tfidf__min_df': 5, 'tfidf__ngram_range': (1, 2)}"
0.594410115566265,0.01436275414270017,0.7947065387370682,0.003311397015390497,61,"{'clf__C': 0.1, 'tfidf__max_df': 0.9, 'tfidf__max_features': 50000, 'tfidf__min_df': 5, 'tfidf__ngram_range': (1, 2)}"
0.594410115566265,0.01436275414270017,0.7947065387370682,0.003311397015390497,61,"{'clf__C': 0.1, 'tfidf__max_df': 0.95, 'tfidf__max_features': 50000, 'tfidf__min_df': 5, 'tfidf__ngram_range': (1, 2)}"
0.594410115566265,0.01436275414270017,0.7947065387370682,0.003311397015390497,61,"{'clf__C': 0.1, 'tfidf__max_df': 0.95, 'tfidf__max_features': 20000, 'tfidf__min_df': 5, 'tfidf__ngram_range': (1, 2)}"
0.5941321115345078,0.008757309217272457,0.8385525799949873,0.0056036243420187,67,"{'clf__C': 0.1, 'tfidf__max_df': 0.95, 'tfidf__max_features': 20000, 'tfidf__min_df': 2, 'tfidf__ngram_range': (1, 1)}"
0.5941321115345078,0.008757309217272457,0.8385525799949873,0.0056036243420187,67,"{'clf__C': 0.1, 'tfidf__max_df': 0.9, 'tfidf__max_features': 50000, 'tfidf__min_df': 2, 'tfidf__ngram_range': (1, 1)}"
0.5941321115345078,0.008757309217272457,0.8385525799949873,0.0056036243420187,67,"{'clf__C': 0.1, 'tfidf__max_df': 0.95, 'tfidf__max_features': 50000, 'tfidf__min_df': 2, 'tfidf__ngram_range': (1, 1)}"
0.5941321115345078,0.008757309217272457,0.8385525799949873,0.0056036243420187,67,"{'clf__C': 0.1, 'tfidf__max_df': 1.0, 'tfidf__max_features': 20000, 'tfidf__min_df': 2, 'tfidf__ngram_range': (1, 1)}"
0.5941321115345078,0.008757309217272457,0.8385525799949873,0.0056036243420187,67,"{'clf__C': 0.1, 'tfidf__max_df': 1.0, 'tfidf__max_features': 50000, 'tfidf__min_df': 2, 'tfidf__ngram_range': (1, 1)}"
0.5941321115345078,0.008757309217272457,0.8385525799949873,0.0056036243420187,67,"{'clf__C': 0.1, 'tfidf__max_df': 0.9, 'tfidf__max_features': 20000, 'tfidf__min_df': 2, 'tfidf__ngram_range': (1, 1)}"
0.5937089144568296,0.01276372882797252,0.9103478218848906,0.0022018122095594796,73,"{'clf__C': 1, 'tfidf__max_df': 0.9, 'tfidf__max_features': 20000, 'tfidf__min_df': 5, 'tfidf__ngram_range': (1, 2)}"
0.5937089144568296,0.01276372882797252,0.9103478218848906,0.0022018122095594796,73,"{'clf__C': 1, 'tfidf__max_df': 0.9, 'tfidf__max_features': 50000, 'tfidf__min_df': 5, 'tfidf__ngram_range': (1, 2)}"
0.5937089144568296,0.01276372882797252,0.9103478218848906,0.0022018122095594796,73,"{'clf__C': 1, 'tfidf__max_df': 0.95, 'tfidf__max_features': 50000, 'tfidf__min_df': 5, 'tfidf__ngram_range': (1, 2)}"
0.5937089144568296,0.01276372882797252,0.9103478218848906,0.0022018122095594796,73,"{'clf__C': 1, 'tfidf__max_df': 0.95, 'tfidf__max_features': 20000, 'tfidf__min_df': 5, 'tfidf__ngram_range': (1, 2)}"
0.5937089144568296,0.01276372882797252,0.9103478218848906,0.0022018122095594796,73,"{'clf__C': 1, 'tfidf__max_df': 1.0, 'tfidf__max_features': 50000, 'tfidf__min_df': 5, 'tfidf__ngram_range': (1, 2)}"
0.5937089144568296,0.01276372882797252,0.9103478218848906,0.0022018122095594796,73,"{'clf__C': 1, 'tfidf__max_df': 1.0, 'tfidf__max_features': 20000, 'tfidf__min_df': 5, 'tfidf__ngram_range': (1, 2)}"
0.5921340734015541,0.0151454057050946,0.9998832003114659,9.536654634155898e-05,79,"{'clf__C': 10, 'tfidf__max_df': 0.9, 'tfidf__max_features': 50000, 'tfidf__min_df': 1, 'tfidf__ngram_range': (1, 1)}"
0.5921340734015541,0.0151454057050946,0.9998832003114659,9.536654634155898e-05,79,"{'clf__C': 10, 'tfidf__max_df': 0.9, 'tfidf__max_features': 20000, 'tfidf__min_df': 1, 'tfidf__ngram_range': (1, 1)}"
0.5921340734015541,0.0151454057050946,0.9998832003114659,9.536654634155898e-05,79,"{'clf__C': 10, 'tfidf__max_df': 1.0, 'tfidf__max_features': 20000, 'tfidf__min_df': 1, 'tfidf__ngram_range': (1, 1)}"
0.5921340734015541,0.0151454057050946,0.9998832003114659,9.536654634155898e-05,79,"{'clf__C': 10, 'tfidf__max_df': 1.0, 'tfidf__max_features': 50000, 'tfidf__min_df': 1, 'tfidf__ngram_range': (1, 1)}"
0.5921340734015541,0.0151454057050946,0.9998832003114659,9.536654634155898e-05,79,"{'clf__C': 10, 'tfidf__max_df': 0.95, 'tfidf__max_features': 50000, 'tfidf__min_df': 1, 'tfidf__ngram_range': (1, 1)}"
0.5921340734015541,0.0151454057050946,0.9998832003114659,9.536654634155898e-05,79,"{'clf__C': 10, 'tfidf__max_df': 0.95, 'tfidf__max_features': 20000, 'tfidf__min_df': 1, 'tfidf__ngram_range': (1, 1)}"
0.5918694066313882,0.009148656465490927,0.8630954820243352,0.003848213298516032,85,"{'clf__C': 0.1, 'tfidf__max_df': 0.95, 'tfidf__max_features': 50000, 'tfidf__min_df': 1, 'tfidf__ngram_range': (1, 1)}"
0.5918694066313882,0.009148656465490927,0.8630954820243352,0.003848213298516032,85,"{'clf__C': 0.1, 'tfidf__max_df': 0.95, 'tfidf__max_features': 20000, 'tfidf__min_df': 1, 'tfidf__ngram_range': (1, 1)}"
0.5918694066313882,0.009148656465490927,0.8630954820243352,0.003848213298516032,85,"{'clf__C': 0.1, 'tfidf__max_df': 1.0, 'tfidf__max_features': 50000, 'tfidf__min_df': 1, 'tfidf__ngram_range': (1, 1)}"
0.5918694066313882,0.009148656465490927,0.8630954820243352,0.003848213298516032,85,"{'clf__C': 0.1, 'tfidf__max_df': 1.0, 'tfidf__max_features': 20000, 'tfidf__min_df': 1, 'tfidf__ngram_range': (1, 1)}"
0.5918694066313882,0.009148656465490927,0.8630954820243352,0.003848213298516032,85,"{'clf__C': 0.1, 'tfidf__max_df': 0.9, 'tfidf__max_features': 50000, 'tfidf__min_df': 1, 'tfidf__ngram_range': (1, 1)}"
0.5918694066313882,0.009148656465490927,0.8630954820243352,0.003848213298516032,85,"{'clf__C': 0.1, 'tfidf__max_df': 0.9, 'tfidf__max_features': 20000, 'tfidf__min_df': 1, 'tfidf__ngram_range': (1, 1)}"
0.5911973084746214,0.008356378090536527,0.7902153437249408,0.005066192026113196,91,"{'clf__C': 0.1, 'tfidf__max_df': 0.95, 'tfidf__max_features': 20000, 'tfidf__min_df': 5, 'tfidf__ngram_range': (1, 1)}"
0.5911973084746214,0.008356378090536527,0.7902153437249408,0.005066192026113196,91,"{'clf__C': 0.1, 'tfidf__max_df': 0.9, 'tfidf__max_features': 50000, 'tfidf__min_df': 5, 'tfidf__ngram_range': (1, 1)}"
0.5911973084746214,0.008356378090536527,0.7902153437249408,0.005066192026113196,91,"{'clf__C': 0.1, 'tfidf__max_df': 0.9, 'tfidf__max_features': 20000, 'tfidf__min_df': 5, 'tfidf__ngram_range': (1, 1)}"
0.5911973084746214,0.008356378090536527,0.7902153437249408,0.005066192026113196,91,"{'clf__C': 0.1, 'tfidf__max_df': 1.0, 'tfidf__max_features': 50000, 'tfidf__min_df': 5, 'tfidf__ngram_range': (1, 1)}"
0.5911973084746214,0.008356378090536527,0.7902153437249408,0.005066192026113196,91,"{'clf__C': 0.1, 'tfidf__max_df': 1.0, 'tfidf__max_features': 20000, 'tfidf__min_df': 5, 'tfidf__ngram_range': (1, 1)}"
0.5911973084746214,0.008356378090536527,0.7902153437249408,0.005066192026113196,91,"{'clf__C': 0.1, 'tfidf__max_df': 0.95, 'tfidf__max_features': 50000, 'tfidf__min_df': 5, 'tfidf__ngram_range': (1, 1)}"
0.5898799056571532,0.01160165307922224,0.8586590918377416,0.004503536606060799,97,"{'clf__C': 0.1, 'tfidf__max_df': 1.0, 'tfidf__max_features': 50000, 'tfidf__min_df': 2, 'tfidf__ngram_range': (1, 2)}"
0.5898799056571532,0.01160165307922224,0.8586590918377416,0.004503536606060799,97,"{'clf__C': 0.1, 'tfidf__max_df': 0.95, 'tfidf__max_features': 50000, 'tfidf__min_df': 2, 'tfidf__ngram_range': (1, 2)}"
0.5898799056571532,0.01160165307922224,0.8586590918377416,0.004503536606060799,97,"{'clf__C': 0.1, 'tfidf__max_df': 0.9, 'tfidf__max_features': 50000, 'tfidf__min_df': 2, 'tfidf__ngram_range': (1, 2)}"
0.5898799056571532,0.01160165307922224,0.8586590918377416,0.004503536606060799,97,"{'clf__C': 0.1, 'tfidf__max_df': 0.95, 'tfidf__max_features': 20000, 'tfidf__min_df': 2, 'tfidf__ngram_range': (1, 2)}"
0.5898799056571532,0.01160165307922224,0.8586590918377416,0.004503536606060799,97,"{'clf__C': 0.1, 'tfidf__max_df': 1.0, 'tfidf__max_features': 20000, 'tfidf__min_df': 2, 'tfidf__ngram_range': (1, 2)}"
0.5898799056571532,0.01160165307922224,0.8586590918377416,0.004503536606060799,97,"{'clf__C': 0.1, 'tfidf__max_df': 0.9, 'tfidf__max_features': 20000, 'tfidf__min_df': 2, 'tfidf__ngram_range': (1, 2)}"
0.58984555017494,0.015020395245930514,0.9998832003114659,9.536654634155898e-05,103,"{'clf__C': 10, 'tfidf__max_df': 0.9, 'tfidf__max_features': 50000, 'tfidf__min_df': 2, 'tfidf__ngram_range': (1, 2)}"
0.58984555017494,0.015020395245930514,0.9998832003114659,9.536654634155898e-05,103,"{'clf__C': 10, 'tfidf__max_df': 0.9, 'tfidf__max_features': 20000, 'tfidf__min_df': 2, 'tfidf__ngram_range': (1, 2)}"
0.58984555017494,0.015020395245930514,0.9998832003114659,9.536654634155898e-05,103,"{'clf__C': 10, 'tfidf__max_df': 0.95, 'tfidf__max_features': 20000, 'tfidf__min_df': 2, 'tfidf__ngram_range': (1, 2)}"
0.58984555017494,0.015020395245930514,0.9998832003114659,9.536654634155898e-05,103,"{'clf__C': 10, 'tfidf__max_df': 1.0, 'tfidf__max_features': 20000, 'tfidf__min_df': 2, 'tfidf__ngram_range': (1, 2)}"
0.58984555017494,0.015020395245930514,0.9998832003114659,9.536654634155898e-05,103,"{'clf__C': 10, 'tfidf__max_df': 1.0, 'tfidf__max_features': 50000, 'tfidf__min_df': 2, 'tfidf__ngram_range': (1, 2)}"
0.58984555017494,0.015020395245930514,0.9998832003114659,9.536654634155898e-05,103,"{'clf__C': 10, 'tfidf__max_df': 0.95, 'tfidf__max_features': 50000, 'tfidf__min_df': 2, 'tfidf__ngram_range': (1, 2)}"
0.5892737005020307,0.00795343059255821,0.8815245949457451,0.0025695592432421516,109,"{'clf__C': 0.1, 'tfidf__max_df': 0.9, 'tfidf__max_features': 20000, 'tfidf__min_df': 1, 'tfidf__ngram_range': (1, 2)}"
0.5892737005020307,0.00795343059255821,0.8815245949457451,0.0025695592432421516,109,"{'clf__C': 0.1, 'tfidf__max_df': 0.95, 'tfidf__max_features': 20000, 'tfidf__min_df': 1, 'tfidf__ngram_range': (1, 2)}"
0.5892737005020307,0.00795343059255821,0.8815245949457451,0.0025695592432421516,109,"{'clf__C': 0.1, 'tfidf__max_df': 1.0, 'tfidf__max_features': 20000, 'tfidf__min_df': 1, 'tfidf__ngram_range': (1, 2)}"
0.5887151624097335,0.007093347022353715,0.9998832003114659,9.536654634155898e-05,112,"{'clf__C': 10, 'tfidf__max_df': 0.9, 'tfidf__max_features': 20000, 'tfidf__min_df': 2, 'tfidf__ngram_range': (1, 1)}"
0.5887151624097335,0.007093347022353715,0.9998832003114659,9.536654634155898e-05,112,"{'clf__C': 10, 'tfidf__max_df': 0.95, 'tfidf__max_features': 50000, 'tfidf__min_df': 2, 'tfidf__ngram_range': (1, 1)}"
0.5887151624097335,0.007093347022353715,0.9998832003114659,9.536654634155898e-05,112,"{'clf__C': 10, 'tfidf__max_df': 0.95, 'tfidf__max_features': 20000, 'tfidf__min_df': 2, 'tfidf__ngram_range': (1, 1)}"
0.5887151624097335,0.007093347022353715,0.9998832003114659,9.536654634155898e-05,112,"{'clf__C': 10, 'tfidf__max_df': 0.9, 'tfidf__max_features': 50000, 'tfidf__min_df': 2, 'tfidf__ngram_range': (1, 1)}"
0.5887151624097335,0.007093347022353715,0.9998832003114659,9.536654634155898e-05,112,"{'clf__C': 10, 'tfidf__max_df': 1.0, 'tfidf__max_features': 20000, 'tfidf__min_df': 2, 'tfidf__ngram_range': (1, 1)}"
0.5887151624097335,0.007093347022353715,0.9998832003114659,9.536654634155898e-05,112,"{'clf__C': 10, 'tfidf__max_df': 1.0, 'tfidf__max_features': 50000, 'tfidf__min_df': 2, 'tfidf__ngram_range': (1, 1)}"
0.5875396086065541,0.016968047882662683,0.9357738383716828,0.0014683707350745658,118,"{'clf__C': 3, 'tfidf__max_df': 0.95, 'tfidf__max_features': 50000, 'tfidf__min_df': 5, 'tfidf__ngram_range': (1, 1)}"
0.5875396086065541,0.016968047882662683,0.9357738383716828,0.0014683707350745658,118,"{'clf__C': 3, 'tfidf__max_df': 0.9, 'tfidf__max_features': 50000, 'tfidf__min_df': 5, 'tfidf__ngram_range': (1, 1)}"
0.5875396086065541,0.016968047882662683,0.9357738383716828,0.0014683707350745658,118,"{'clf__C': 3, 'tfidf__max_df': 1.0, 'tfidf__max_features': 20000, 'tfidf__min_df': 5, 'tfidf__ngram_range': (1, 1)}"
0.5875396086065541,0.016968047882662683,0.9357738383716828,0.0014683707350745658,118,"{'clf__C': 3, 'tfidf__max_df': 1.0, 'tfidf__max_features': 50000, 'tfidf__min_df': 5, 'tfidf__ngram_range': (1, 1)}"
0.5875396086065541,0.016968047882662683,0.9357738383716828,0.0014683707350745658,118,"{'clf__C': 3, 'tfidf__max_df': 0.95, 'tfidf__max_features': 20000, 'tfidf__min_df': 5, 'tfidf__ngram_range': (1, 1)}"
0.5875396086065541,0.016968047882662683,0.9357738383716828,0.0014683707350745658,118,"{'clf__C': 3, 'tfidf__max_df': 0.9, 'tfidf__max_features': 20000, 'tfidf__min_df': 5, 'tfidf__ngram_range': (1, 1)}"
0.5829997910753326,0.01501505765022442,0.9501289251821061,0.0020151127587187067,124,"{'clf__C': 3, 'tfidf__max_df': 1.0, 'tfidf__max_features': 50000, 'tfidf__min_df': 5, 'tfidf__ngram_range': (1, 2)}"
0.5829997910753326,0.01501505765022442,0.9501289251821061,0.0020151127587187067,124,"{'clf__C': 3, 'tfidf__max_df': 0.95, 'tfidf__max_features': 50000, 'tfidf__min_df': 5, 'tfidf__ngram_range': (1, 2)}"
0.5829997910753326,0.01501505765022442,0.9501289251821061,0.0020151127587187067,124,"{'clf__C': 3, 'tfidf__max_df': 0.95, 'tfidf__max_features': 20000, 'tfidf__min_df': 5, 'tfidf__ngram_range': (1, 2)}"
0.5829997910753326,0.01501505765022442,0.9501289251821061,0.0020151127587187067,124,"{'clf__C': 3, 'tfidf__max_df': 0.9, 'tfidf__max_features': 50000, 'tfidf__min_df': 5, 'tfidf__ngram_range': (1, 2)}"
0.5829997910753326,0.01501505765022442,0.9501289251821061,0.0020151127587187067,124,"{'clf__C': 3, 'tfidf__max_df': 1.0, 'tfidf__max_features': 20000, 'tfidf__min_df': 5, 'tfidf__ngram_range': (1, 2)}"
0.5829997910753326,0.01501505765022442,0.9501289251821061,0.0020151127587187067,124,"{'clf__C': 3, 'tfidf__max_df': 0.9, 'tfidf__max_features': 20000, 'tfidf__min_df': 5, 'tfidf__ngram_range': (1, 2)}"
0.5810843521872947,0.007403792500277546,0.9310129964085311,0.0020940452286922076,130,"{'clf__C': 0.1, 'tfidf__max_df': 1.0, 'tfidf__max_features': 50000, 'tfidf__min_df': 1, 'tfidf__ngram_range': (1, 2)}"
0.5810843521872947,0.007403792500277546,0.9310129964085311,0.0020940452286922076,130,"{'clf__C': 0.1, 'tfidf__max_df': 0.9, 'tfidf__max_features': 50000, 'tfidf__min_df': 1, 'tfidf__ngram_range': (1, 2)}"
0.5810843521872947,0.007403792500277546,0.9310129964085311,0.0020940452286922076,130,"{'clf__C': 0.1, 'tfidf__max_df': 0.95, 'tfidf__max_features': 50000, 'tfidf__min_df': 1, 'tfidf__ngram_range': (1, 2)}"
0.5707355625312364,0.008802537903302557,0.9880542309360207,0.0011680033504492754,133,"{'clf__C': 10, 'tfidf__max_df': 0.9, 'tfidf__max_features': 50000, 'tfidf__min_df': 5, 'tfidf__ngram_range': (1, 2)}"
0.5707355625312364,0.008802537903302557,0.9880542309360207,0.0011680033504492754,133,"{'clf__C': 10, 'tfidf__max_df': 0.9, 'tfidf__max_features': 20000, 'tfidf__min_df': 5, 'tfidf__ngram_range': (1, 2)}"
0.5707355625312364,0.008802537903302557,0.9880542309360207,0.0011680033504492754,133,"{'clf__C': 10, 'tfidf__max_df': 1.0, 'tfidf__max_features': 50000, 'tfidf__min_df': 5, 'tfidf__ngram_range': (1, 2)}"
0.5707355625312364,0.008802537903302557,0.9880542309360207,0.0011680033504492754,133,"{'clf__C': 10, 'tfidf__max_df': 0.95, 'tfidf__max_features': 20000, 'tfidf__min_df': 5, 'tfidf__ngram_range': (1, 2)}"
0.5707355625312364,0.008802537903302557,0.9880542309360207,0.0011680033504492754,133,"{'clf__C': 10, 'tfidf__max_df': 1.0, 'tfidf__max_features': 20000, 'tfidf__min_df': 5, 'tfidf__ngram_range': (1, 2)}"
0.5707355625312364,0.008802537903302557,0.9880542309360207,0.0011680033504492754,133,"{'clf__C': 10, 'tfidf__max_df': 0.95, 'tfidf__max_features': 50000, 'tfidf__min_df': 5, 'tfidf__ngram_range': (1, 2)}"
0.5680036888182437,0.009200816541304538,0.9738790367919711,0.001361355075063207,139,"{'clf__C': 10, 'tfidf__max_df': 0.9, 'tfidf__max_features': 20000, 'tfidf__min_df': 5, 'tfidf__ngram_range': (1, 1)}"
0.5680036888182437,0.009200816541304538,0.9738790367919711,0.001361355075063207,139,"{'clf__C': 10, 'tfidf__max_df': 0.9, 'tfidf__max_features': 50000, 'tfidf__min_df': 5, 'tfidf__ngram_range': (1, 1)}"
0.5680036888182437,0.009200816541304538,0.9738790367919711,0.001361355075063207,139,"{'clf__C': 10, 'tfidf__max_df': 0.95, 'tfidf__max_features': 20000, 'tfidf__min_df': 5, 'tfidf__ngram_range': (1, 1)}"
0.5680036888182437,0.009200816541304538,0.9738790367919711,0.001361355075063207,139,"{'clf__C': 10, 'tfidf__max_df': 0.95, 'tfidf__max_features': 50000, 'tfidf__min_df': 5, 'tfidf__ngram_range': (1, 1)}"
0.5680036888182437,0.009200816541304538,0.9738790367919711,0.001361355075063207,139,"{'clf__C': 10, 'tfidf__max_df': 1.0, 'tfidf__max_features': 20000, 'tfidf__min_df': 5, 'tfidf__ngram_range': (1, 1)}"
0.5680036888182437,0.009200816541304538,0.9738790367919711,0.001361355075063207,139,"{'clf__C': 10, 'tfidf__max_df': 1.0, 'tfidf__max_features': 50000, 'tfidf__min_df': 5, 'tfidf__ngram_range': (1, 1)}"
